position,company_name,location,salary,job_link,benefits,description,employment_type
Data Analyst I,University of Rochester,"Rochester, NY, ","$44,419 - $62,186 a year",https://www.indeed.com/applystart?jk=07e9b17ac6d5a6be&from=vj&pos=bottom&mvj=0&spon=0&sjdu=YmZE5d5THV8u75cuc0H6Y26AwfY51UOGmh3Z9h4OvXjQlQesdimEJ-6J-s6bACfdQIBq6BJFrzJ-LSC1NycrYxvHnnVvaJrX94FSzi6F9Oy6TtjFP0uL2zMkb3OE_5M66vYwpo2jLe8XNi85Z_EU8j4TsftG8Zz-13wL7_bw7HYNSh6mbUMw9MGFOjzcqjFUCITeI_Azw3KcSOf4X9Vh1Q&vjfrom=serp&asub=mob&astse=9c0052d96b74aca7&assa=4554,No benefits found.,"Opening
Full Time 40 hours Range URG 106 Pharmacy SMH
 Responsibilities
 GENERAL PURPOSE:
Supports the development of methods for data collection, analysis, and reporting for a department or school. Analyzes and interprets data using statistical techniques. Assists with the creation of presentations and reports based on findings, which includes collating, modeling, interpreting and analyzing data. Collects data requirements, analyzes and determines technical issues, and design ad-hoc reports. Collects, analyzes and documents business requirements and supports translation into function and system requirement specifications.

 JOB DUTIES AND RESPONSIBILITIES:

Review contract pharmacy and outpatient pharmacy prescription data from multiple sources and compare to hospital medical records to validate 340B eligibility.
Review third party billing for all 340B prescriptions to ensure appropriate submission for Medicaid Fee for Service, Medicaid Managed Care, and ADAP.
Validate prescriber eligibility for contract pharmacy and/or outpatient pharmacy prescription data from multiple sources
Manage and track 340B auditing results, report all inconsistencies and adverse results to the 340B Director.
Assist with onsite drug replenishment orders and shipments, ensuring timely and accurate inventory management.

Other duties as assigned
 QUALIFICATIONS:
 Required:

Bachelor's Degree in statistical analysis, data base management, or related discipline required.
1 year of experience with data analysis or customer resource management systems required.
Equivalent combination of education and experience required.
Strong attention to detail required.
Strong organizational, data analysis and problem-solving skills required.

 Preferred:

Familiarity with statistics and statistical analysis preferred.
Advanced knowledge of Microsoft Excel preferred.
Ability to visually portray data preferred.


The University of Rochester is committed to fostering, cultivating, and preserving a culture of equity, diversity, and inclusion to advance the University's mission to Learn, Discover, Heal, Create - and Make the World Ever Better. In support of our values and those of our society, the University is committed to not discriminating on the basis of age, color, disability, ethnicity, gender identity or expression, genetic information, marital status, military/veteran status, national origin, race, religion/creed, sex, sexual orientation, citizenship status, or any other status protected by law. This commitment extends to the administration of our policies, admissions, employment, access, and recruitment of candidates from underrepresented populations, veterans, and persons with disabilities consistent with these values and government contractor Affirmative Action obligations.
 How To Apply
All applicants must apply online.

 EOE Minorities/Females/Protected Veterans/Disabled
 Pay Range
Pay Range: $44,419 - $62,186 Annually
 The referenced pay range represents the minimum and maximum compensation for this job. Individual annual salaries/hourly rates will be set within the job's compensation range, and will be determined byconsidering factors including, but not limited to, market data, education, experience, qualifications, expertise of the individual, and internal equity considerations.",-  Full-time
Expert Data Analyst,LiveRamp,"New York, NY, ","$110,000 - $160,000 a year",https://www.indeed.com/applystart?jk=192d92b5b54e72c1&from=vj&pos=bottom&mvj=0&spon=0&sjdu=YmZE5d5THV8u75cuc0H6Y26AwfY51UOGmh3Z9h4OvXgenN4fZKq3MQgZOCfXdToS0W7jQxjO0edZVdI-jHYuY2UyH4RT5bWNzVcIGP18Y6Lg8oI1CzqsWX_JTSw2ihxWqA5T_nkppaMAQMhgTDekmDAcqPelO3XRsT2Ue9TQnpWpXtXIyg0-pqAgGrARhsT1CITeI_Azw3KcSOf4X9Vh1Q&vjfrom=serp&asub=mob&astse=94ff9faa30068267&assa=7857,"['401(k) matching', 'Dental insurance', 'Disability insurance', 'Gym membership', 'Happy hour', 'Health insurance', 'Paid parental leave']","LiveRamp is the data collaboration platform of choice for the world’s most innovative companies. A groundbreaking leader in consumer privacy, data ethics, and foundational identity, LiveRamp is setting the new standard for building a connected customer view with unmatched clarity and context while protecting precious brand and consumer trust. LiveRamp offers complete flexibility to collaborate wherever data lives to support the widest range of data collaboration use cases—within organizations, between brands, and across its premier global network of top-quality partners.
 


  Hundreds of global innovators, from iconic consumer brands and tech giants to banks, retailers, and healthcare leaders turn to LiveRamp to build enduring brand and business value by deepening customer engagement and loyalty, activating new partnerships, and maximizing the value of their first-party data while staying on the forefront of rapidly evolving compliance and privacy requirements.
 


 The Expert Data Analyst will work on measurement and analytics initiatives for Liveramp customers. This role will work in close collaboration with Customer Success, Product and Engineering teams. The analyst will be responsible for generating insights from Clean Room technologies, powered by Habu as well as emerging industry solutions such as Amazon Marketing Cloud, Google Ads Data Hub, and more. The role will primarily focus on developing & implementing measurement methodologies, visualizations, dashboards and reports that enable our customers to better understand their data, measure causality and take data driven decisions
 



    Lead measurement initiatives; develop KPI’s and learning plans for Liveramp/Habu customers in support of their marketing objectives
   


    Develop, implement, and maintain analytics systems, tools and frameworks that enable efficient analysis for customers
   


    Develop and implement methodologies to measure causality or causal impact
   


    Design approaches for observational analytics – including mining multi-dimensional datasets – and experimental methods to build templates and libraries of analysis that can scale across many different customer use cases and verticals
   


    Get hands-on with customer data to drive insights, answer key business questions, and enable campaign optimization. Identify and communicate areas to improve effectiveness, efficiency and productivity.
   


    Design and create rich, compelling visualizations with data
   


    Work directly with customer stakeholders to gather requirements, communicate updates and findings, and build relationships. Speak and present both internally and externally, leveraging data to tell a story.
   





    Benefits:
   



      People: work with talented, collaborative, and friendly people who love what they do.
     


      In-Office Food: enjoy catered meals, boundless snacks, and the occasional food truck.
     


      Fun: we host in-person and virtual events such as game nights, happy hours, camping trips, and sports leagues.
     


      Work/Life Harmony: flexible paid time off, remote work opportunities, and paid parental leave.
     


      Whole Health Package: medical, dental, vision, and disability insurance. Plus mental health support (via Talkspace) and fitness reimbursement.
     


      Savings: our 401K matching plan helps you plan ahead.
     


      Remote Work Support: a comprehensive program to assist you in setting up a home office that works for you
     


      Location: Work in the heart of San Francisco, New York or Remote
     




The approximate annual base compensation range is $110,000 to $160,000. The actual offer, reflecting the total compensation package and benefits, will be determined by a number of factors including the applicant's experience, knowledge, skills, and abilities, geography, as well as internal equity among our team.



 More about us:


 LiveRamp’s mission is to connect data in ways that matter, and doing so starts with our people. We know that inspired teams enlist people from a blend of backgrounds and experiences. And we know that individuals do their best when they not only bring their full selves to work but feel like they truly belong. Connecting LiveRampers to new ideas and one another is one of our guiding principles—one that informs how we hire, train, and grow our global team across nine countries and four continents. Click 

here 
to learn more about Diversity, Inclusion, & Belonging (DIB) at LiveRamp.",-  Full-time
Data Analyst 1/Trainee - 95090,"Health, Department of","Albany, NY 12210, ","$52,198 - $82,656 a year",https://www.indeed.com/applystart?jk=6419bfc6706b3080&from=vj&pos=bottom&mvj=0&spon=0&sjdu=YmZE5d5THV8u75cuc0H6Y26AwfY51UOGmh3Z9h4OvXjMxsoFJvkuuKCIfBfxSNJB9QAIAgRX12Av5ipS4oXiIGxWC2Hq8a-UhbVGxYhqIxWs7Wvu95UEru0qGOuMfY_fpaDd6ui5onh1_9MlHGYeYkGGzil8MKGvwTr-eYR1jsJsZiEQWYvU2RpbuLdTIX70CITeI_Azw3KcSOf4X9Vh1Q&vjfrom=serp&asub=mob&astse=38e24fe7b04a5dcc&assa=1518,"['Dental insurance', 'Loan forgiveness', 'Paid holidays', 'Paid time off', 'Vision insurance']","The minimum qualifications required for this vacancy. Minimum Qualifications Non-competitive: bachelor’s degree in data or computer science, informatics, economics, statistics, mathematics, public health, health administration or a related field, and either: satisfactory completion of a two-year traineeship or two years of experience in data visualization, and statistical models and data mining tools. This title may be filled at the Data Analyst Trainee 1 level equated to SG-14, $52,198, Data Analyst Trainee 2 level equated to SG-16, $58,247, or full performance Data Analyst 1 SG-18, $65,001, based on education and experience. Candidates hired at the trainee level will be advanced to the full performance Data Analyst 1, SG-18 following the successful completion of the traineeship. Preferred Qualifications: Experience in Insurance, Medicaid preferred, 2 year of SQL experience working with large datasets preferred  The duties that the incumbent of the vacancy will be expected to perform. Duties Description Works with business units to develop and build models in support of analytic use cases; drafts technical requirements and data definitions; provides input on current approaches and recommends improvements to best achieve goals; reviews and suggests improvements to current or planned systems and processes; performs data extraction, aggregation, and quality checks from multiple sources and tables in support of trend identification and root cause analysis; summarizes results, creates written reports and collaborates with staff to develop business intelligence solutions  Additional comments regarding the vacancy. Additional Comments We offer a work-life balance and a generous benefits package, worth 65% of salary, including: • Holiday & Paid Time Off• Public Service Loan Forgiveness (PSLF)• Pension from New York State Employees’ Retirement System • Shift & Geographic pay differentials • Affordable Health Care options• Family dental and vision benefits at no additional cost • NYS Deferred Compensation plan• Access to NY 529 and NY ABLE College Savings Programs, and U.S. Savings Bonds• And many more...For new State employees appointed to graded positions, the annual salary is the hiring rate (beginning of the Salary Range) of the position. Promotion salaries are calculated by the NYS Office of the State Comptroller in accordance with NYS Civil Service Law, OSC Payroll rules and regulations and negotiated union contracts. The NYS Department of Health is committed to making New York a safer, healthier, and more equitable place to live. Understanding health equity, social determinants of health and health disparities is critical to accomplish our goal of eliminating health disparities. For more information on the NYS Department of Health’s Mission, Vision, Values and Strategic Plan, please visit: https://health.ny.gov/commissioner/index.htm  Some positions may require additional credentials or a background check to verify your identity.",-  Full-time
Data Analyst - Cardiology,NYU Langone,"240 E 38 St, New York, NY 10016, ","$62,400 - $88,192 a year",https://www.indeed.com/applystart?jk=5c345edb51ef3aa0&from=vj&pos=bottom&mvj=0&spon=0&sjdu=YmZE5d5THV8u75cuc0H6Y26AwfY51UOGmh3Z9h4OvXhY-er6UAwqQ70AkPjcRji1vKfqDQqXWNGfngo6jvEcM615HxWzGLf0AkEXm0-6Re38A1GsGwXPolOUDTyB4AnhNkX76zAq_p3RXgzqCjXOCXosScpl2Yggk3oJPszk8wSN1RMMIrxOK5JuIGFZQZGhCITeI_Azw3KcSOf4X9Vh1Q&vjfrom=serp&asub=mob&astse=5a4bae9cf256ed55&assa=5403,No benefits found.,"NYU Langone Health is a world-class, patient-centered, integrated academic medical center, known for its excellence in clinical care, research, and education. It comprises more than 200 locations throughout the New York area, including five inpatient locations, a children's hospital, three emergency rooms and a level 1 trauma center. Also part of NYU Langone Health is the Laura and Isaac Perlmutter Cancer Center, a National Cancer Institute designated comprehensive cancer center, and NYU Grossman School of Medicine, which since 1841 has trained thousands of physicians and scientists who have helped to shape the course of medical history. At NYU Langone Health, equity, diversity, and inclusion are fundamental values. We strive to be a place where our exceptionally talented faculty, staff, and students of all identities can thrive. We embrace diversity, inclusion, and individual skills, ideas, and knowledge. For more information, go to nyulangone.org, and interact with us on LinkedIn, Glassdoor, Indeed, Facebook, Twitter, YouTube and Instagram.
 Position Summary: We have an exciting opportunity to join our team as a Data Analyst.   In this role, the successful candidate will play a key role in developing data infrastructure for cardiology and cardiac surgery at NYU Langone Health. In this position, the analyst will work closely with physicians, informaticists, researchers and technologists to create a centralized data repository. Responsibilities include extracting data from NYULHs relational databases, performing data cleansing and creating data solutions for end users.
 Responsibilities:

Translate end user data requests into technical specifications and specific data elements required for data set report or data mart development
Elicit requirements for new reporting and data requests by interacting with end users
Writing SQL queries to profile data sources and extract data to fulfill data requests
Test and validate the content of reports and data extracts nbsp; Ensure that customers are satisfied with data provided to them
Create and maintain value sets needed for various research use cases
Oversees all activities related to data cleansing data quality and data validation using industry standards and processes nbsp;
Perform basic statistical and data analysis
Other duties as assigned

Minimum Qualifications:

Bachelors degree in computer science, statistics, informatics, public health/epidemiology or a related discipline; advanced degree preferred
Experience working with electronic health record EHR and/or healthcare claims data or other sources of real world data in a business environment
Experience with Epics Clarity Caboodle databases is strongly preferred
Experience querying databases with at least intermediate SQL scripting with the interest and ability to learn various SQL dialects e g Impala SQL Microsoft Transact SQL Oracle PL/SQL PostgreSQL PL/pgSQL
Experience creating, structuring, cleansing and validating data sets suitable for statistical analysis
Knowledge of basic statistical and data analytic concepts including p values odds ratios linear regression correlation
Familiarity with Regular Expressions RegEx and other basic natural language processing techniques
Fast learner with the ability to work both independently and in a team environment

Preferred Qualifications:

Experience working with healthcare terminologies and code sets e g ICD 10 RxNorm LOINC CPT Building or using value sets for reporting use cases
Experience working in a research environment and/or knowledge of research Common Data Models e g OMOP i2b2 PCORnet ACT Clinical experience
Experience with Databricks

Qualified candidates must be able to effectively communicate with all levels of the organization.  NYU Langone Health provides its staff with far more than just a place to work. Rather, we are an institution you can be proud of, an institution where you'll feel good about devoting your time and your talents.  NYU Langone Health is an equal opportunity and affirmative action employer committed to diversity and inclusion in all aspects of recruiting and employment. All qualified individuals are encouraged to apply and will receive consideration without regard to race, color, gender, gender identity or expression, sex, sexual orientation, transgender status, gender dysphoria, national origin, age, religion, disability, military and veteran status, marital or parental status, citizenship status, genetic information or any other factor which cannot lawfully be used as a basis for an employment decision. We require applications to be completed online.  If you wish to view NYU Langone Health's EEO policies, please click here. Please click here to view the Federal ""EEO is the law"" poster or visit https://www.dol.gov/ofccp/regs/compliance/posters/ofccpost.htm for more information.
NYU Langone Health provides a salary range to comply with the New York state Law on Salary Transparency in Job Advertisements. The salary range for the role is $62,400.00 - $88,192.00 Annually. Actual salaries depend on a variety of factors, including experience, specialty, education, and hospital need. The salary range or contractual rate listed does not include bonuses/incentive, differential pay or other forms of compensation or benefits.
To view the Pay Transparency Notice, please click here",-  Full-time
Data Analyst,University at Buffalo,"12 Capen Hall, Buffalo, NY 14260, ","$62,000 - $68,000 a year",https://www.indeed.com/applystart?jk=b333cec659e6e79e&from=vj&pos=bottom&mvj=0&spon=0&sjdu=YmZE5d5THV8u75cuc0H6Y26AwfY51UOGmh3Z9h4OvXivZTbCXk3O5Z0R_yPgzJFZngv7e-MBKkrfSL2Kd2QWUL5bnTrZhpTEtQotvrefnJuUpjXQqG1Pv2BXCATvqzuxkgScru_aQVrTnFzh_Hkaoh7Y3bAs945TTT5o0qY2JnpEfDkSvPwlA6QEZRri3k85CITeI_Azw3KcSOf4X9Vh1Q&vjfrom=serp&asub=mob&astse=8584f64832413c89&assa=9017,"['Health insurance', 'Loan forgiveness', 'Retirement plan']","The University at Buffalo (UB) Data Analytics department within Enrollment Management seeks to hire a Data Analyst. In this position, you will support operational and strategic planning through data collection, analysis, and reporting of information about our unit, students, programs, and services. This position reports to the Assistant Director of Enrollment Analytics.
      
 Key Duties and Responsibilities:
      

Create, use, extract and manage data sets from various departments on and off campus, especially focusing on recruiting, admissions, and enrollment.
Design, generate and produce standard and custom analytical reports and visualizations summarizing transactional data and enrollment trends, presented for a non-technical audience.
Utilize available programming tools in order to obtain data to inform tactical and strategic decision-making for leadership within Enrollment Management.
Validate data between systems of record, correcting or advising responsible units of corrective actions required.
Participate in Office of Admissions on-campus large scale recruiting events.
Statistical research of higher education trends nationally and at the University at Buffalo.
Interact with other IT professionals to ensure data integrity between systems.
Assist users with understanding data collection and various available data elements.


 We invite individuals to apply whose perspectives and experiences will enrich and strengthen our organization. The Data Analytics department serves a diverse constituency of patrons, and our employees, services and policies strive to honor and reflect this diversity. We encourage candidates who thrive in a welcoming multicultural environment to apply.
      


 The Data Analytics department is responsible for producing integrated, comprehensive data reporting and analysis, to provide leadership with accurate high-quality information with which to make factually supported decisions in support of strategic goals.
      


 The Enrollment Management area consists of the Arthur O. Eve Educational Opportunity Program, Data Analytics, Financial Aid, Graduate Enrollment Services, International Admissions & Recruitment, Marketing & Communications, Office of Admissions, Student Response Center located in 1Capen, and the office of the Vice Provost for Enrollment Management. Enrollment Management also maintains collaborative relationships with other student support areas including Athletics, The Graduate School, International Education, Information Technology, Registrar, Student Accounts, Student Life and Student Success. In conjunction with these campus partners, Enrollment Management collaborates with our schools and colleges to lead UB’s enrollment management strategy. For further information, please visit our website.
      


  Outstanding Benefits Package Working at UB comes with benefits that exceed salary alone. There are personal rewards including comprehensive health and retirement plan options. We also focus on creating and sustaining a healthy mix of work, personal and academic pursuit – all in an effort to support your work-life effectiveness. We support your growth and development through our career coaching and training department and we qualify as a public service loan forgiveness organization. Learn more about the great benefits the University at Buffalo has to offer.
      


  About The University at Buffalo The University at Buffalo (UB) #ubuffalo is one of America’s leading public research universities and a flagship of the State University of New York system, recognized for our excellence and our impact. UB is a premier, research-intensive public university dedicated to academic excellence. Our research, creative activity and people positively impact the world. Like the city we call home, UB is distinguished by a culture of resilient optimism, resourceful thinking and pragmatic dreaming that enables us to reach others every day. Visit our website to learn more about the University at Buffalo.
      


 University at Buffalo is an affirmative action equal opportunity employer and, in keeping with our commitment, welcomes all to apply including veterans and individuals with disabilities.  #technologyjobs
      




Minimum Qualifications


Bachelor’s degree with 2 years of experience or a master’s degree or professional certification with no experience. An equivalent combination of education and practical experience will be considered in lieu of the education requirement.
Experience collecting, managing, analyzing, and reporting data.
Experience creatively displaying data/information across multiple subject areas.
Experience with tools such as Microsoft Office (Access, Excel), SQL Server, and Tableau.
Strong working knowledge of MS Office applications including Word, Excel, and PowerPoint as well as visualization tools such as Tableau to deliver trusted analytics, reports, and related information products.
Basic knowledge of research methods.
Exceptional interpersonal communication abilities (both written and oral) exhibiting understanding, appreciation, and respect for all individuals in a diverse constituency.
Superior organizational skills coupled with high attention to detail.
Applicants must be currently authorized to work in the United States on a full-time basis.




Preferred Qualifications


Higher education experience with student information systems regarding assessment of admissions and enrollment management.
Knowledge of data management concepts, tools, issues, and environments such as relational databases, application development, data/statistical analysis, and model development.
Understanding of SQL programming language and query development
Experience with a customer relationship management tool or an admissions system (preferably Slate by Technolutions).




Physical Demands





Salary Range


      $62,000 - $68,000
     



Additional Salary Information





Type


      Full-Time
     



Campus


      North Campus
     



Posting Alerts





Special Instructions Summary





Additional Information


      Pursuant to Executive Order 161, no State entity, as defined by the Executive Order, is permitted to ask, or mandate, in any form, that an applicant for employment provide his or her current compensation, or any prior compensation history, until such time as the applicant is extended a conditional offer of employment with compensation.",-  Full-time
Data Analyst 3,"Homeland Security and Emergency Services, Division of","1220 Washington Avenue, Albany, NY 12226, ","$103,784 - $127,830 a year",https://www.indeed.com/applystart?jk=9e6797bea8ff4d58&from=vj&pos=bottom&mvj=0&spon=0&sjdu=YmZE5d5THV8u75cuc0H6Y26AwfY51UOGmh3Z9h4OvXheKX39TPRCKk4xsIfWfzA3J8WtLR3_mIQVYr7c0iRobkhwBnykaqB4RZBzAlnyvR6f726mpnYSqlMRpw5MZVowQZZW1J10mJUIH-ab7VZPvSFtgb1nm7KFKN7wi-vHE3U--pSL4Tpri4pjUvpqMJXHCITeI_Azw3KcSOf4X9Vh1Q&vjfrom=serp&asub=mob&astse=66a40a552c24f431&assa=2734,No benefits found.,"The minimum qualifications required for this vacancy. Minimum Qualifications Non-competitive candidates: One year of permanent service as a Data Analyst 2 OR bachelor’s degree and five years of experience in data visualization, and statistical models and data mining tools.*Substitution: A master's degree in data or computer science, informatics, economics, statistics, mathematics, or a related field, may substitute for one year of the specialized experience. A Ph.D. in the above fields may substitute for two years of the specialized experience.  The duties that the incumbent of the vacancy will be expected to perform. Duties Description The incumbent will report to the Office of Emergency Management (OEM). Under the direction of the Program Manager 5, the Data Analyst 3 will oversee and manage the Data and Geospatial Analysis Unit. This section coordinates with agency senior staff and across OEM program areas to identify geospatial data and analysis needs, gather and integrate data on processes and patterns, manage and analyze large datasets, map and visualize complex information, and create products to support data-informed decision making in disasters and emergencies. Duties include, but are not limited to: • Develop and execute strategies for analytics solutions across OEM program areas. • Oversee and manage unit staff, prioritize, plan and review work, direct resource allocations and project timelines; perform the full range of administrative supervisory functions. • Assess the content of data systems to determine the level of current analytic support provided and make informed recommendations to management. • Present results of analytics in multiple formats, including dashboards, visualizations, fact sheets and written reports for various stakeholder audiences. • Conduct complex data analysis. • Establish unit performance measures in collaboration with unit supervisory staff. • Direct staff in the evaluation of current approaches to ensure they best achieve goals. • Lead analyst teams in developing data sets and geospatial services that reflect established standards, protocols and metrics and provides expertise on how to properly store, analyze, and interpret data. • Coordinate the analysis of trends in data sources and the assessment of data structures. • Review data sources and reports produced by analysts for accuracy. • Ensure unit goals and objectives are met and subordinate staff acquire the necessary skills to be successful. • Plan, develop, and manage special projects. • Oversee and/or compile ad-hoc data analysis based on current needs and executive management priorities. • Coordinate with OEM program areas and emergency management stakeholders to discuss the development of the strategy for analytics solutions. • Collect and analyze data on homeland security, public safety, and emergency services issues and practices to compare new and innovative approaches in order to facilitate the development and implementation of new initiatives advancing the agency's mission. • Represent DHSES to a wide variety of stakeholders and partners in a variety of formats providing professional expertise on assigned program and agency issues. • Oversee the drafting of informational documents on analytics solutions; review and suggest improvements to current or planned systems and processes. • Document and maintain procedures for all activities completed by the Data and Geospatial Analysis units. • Organize and facilitate meetings and working groups with emergency management stakeholders at the local, state, and federal levels. • Represent the agency at conferences, meetings, workgroups, and other settings as appropriate. • Support emergency operations during times of emergency and disaster.• Travel may be required, up to 25%. • Perform other duties as assigned in support of the agency's mission or other program areas.  Additional comments regarding the vacancy. Additional Comments NOTE: Support of operations during times of emergency and disaster from State Emergency Operations Center (EOC), state field offices and/or local deployments may be required, which would result in a change and/or increase in working hours, locations and/or duties.NOTE ON TELECOMMUTING: Employees are required to apply and obtain approval through management to telecommute according to the agency’s Telecommuting Program Guidelines.  Some positions may require additional credentials or a background check to verify your identity.",-  Full-time
Data Analyst - Cardiology,NYU Langone Health,"240 E 38 St, New York, NY 10016, ","$62,400 - $88,192 a year",https://www.indeed.com/applystart?jk=b67fb3b9b3bdf02f&from=vj&pos=bottom&mvj=0&spon=0&sjdu=YmZE5d5THV8u75cuc0H6Y26AwfY51UOGmh3Z9h4OvXjo5_pFng9LQozzxt4nVWD-vZSZ_aJ2UtATdZNMNhsLEaS-MbC1fquJOOTmcprgDCQTR4NdzOBrdz1exZWJ3fsjdUN_QeJjOhBQplzaNH36MhG-VlhKWnacMBspLQs4Ir-TNG-IyY2qc1ZfWvM-7mw5CITeI_Azw3KcSOf4X9Vh1Q&vjfrom=serp&asub=mob&astse=220c0ccc8ed38e4d&assa=5598,No benefits found.,"NYU Langone Health is a world-class, patient-centered, integrated academic medical center, known for its excellence in clinical care, research, and education. It comprises more than 200 locations throughout the New York area, including five inpatient locations, a children's hospital, three emergency rooms and a level 1 trauma center. Also part of NYU Langone Health is the Laura and Isaac Perlmutter Cancer Center, a National Cancer Institute designated comprehensive cancer center, and NYU Grossman School of Medicine, which since 1841 has trained thousands of physicians and scientists who have helped to shape the course of medical history. At NYU Langone Health, equity, diversity, and inclusion are fundamental values. We strive to be a place where our exceptionally talented faculty, staff, and students of all identities can thrive. We embrace diversity, inclusion, and individual skills, ideas, and knowledge. For more information, go to nyulangone.org, and interact with us on LinkedIn, Glassdoor, Indeed, Facebook, Twitter, YouTube and Instagram.
 Position Summary: We have an exciting opportunity to join our team as a Data Analyst.   In this role, the successful candidate will play a key role in developing data infrastructure for cardiology and cardiac surgery at NYU Langone Health. In this position, the analyst will work closely with physicians, informaticists, researchers and technologists to create a centralized data repository. Responsibilities include extracting data from NYULHs relational databases, performing data cleansing and creating data solutions for end users.
 Responsibilities:

Translate end user data requests into technical specifications and specific data elements required for data set report or data mart development
Elicit requirements for new reporting and data requests by interacting with end users
Writing SQL queries to profile data sources and extract data to fulfill data requests
Test and validate the content of reports and data extracts nbsp; Ensure that customers are satisfied with data provided to them
Create and maintain value sets needed for various research use cases
Oversees all activities related to data cleansing data quality and data validation using industry standards and processes nbsp;
Perform basic statistical and data analysis
Other duties as assigned

 Minimum Qualifications:

Bachelors degree in computer science, statistics, informatics, public health/epidemiology or a related discipline; advanced degree preferred
Experience working with electronic health record EHR and/or healthcare claims data or other sources of real world data in a business environment
Experience with Epics Clarity Caboodle databases is strongly preferred
Experience querying databases with at least intermediate SQL scripting with the interest and ability to learn various SQL dialects e g Impala SQL Microsoft Transact SQL Oracle PL/SQL PostgreSQL PL/pgSQL
Experience creating, structuring, cleansing and validating data sets suitable for statistical analysis
Knowledge of basic statistical and data analytic concepts including p values odds ratios linear regression correlation
Familiarity with Regular Expressions RegEx and other basic natural language processing techniques
Fast learner with the ability to work both independently and in a team environment

 Preferred Qualifications:

Experience working with healthcare terminologies and code sets e g ICD 10 RxNorm LOINC CPT Building or using value sets for reporting use cases
Experience working in a research environment and/or knowledge of research Common Data Models e g OMOP i2b2 PCORnet ACT Clinical experience
Experience with Databricks

 Qualified candidates must be able to effectively communicate with all levels of the organization.  NYU Langone Health provides its staff with far more than just a place to work. Rather, we are an institution you can be proud of, an institution where you'll feel good about devoting your time and your talents.  NYU Langone Health is an equal opportunity and affirmative action employer committed to diversity and inclusion in all aspects of recruiting and employment. All qualified individuals are encouraged to apply and will receive consideration without regard to race, color, gender, gender identity or expression, sex, sexual orientation, transgender status, gender dysphoria, national origin, age, religion, disability, military and veteran status, marital or parental status, citizenship status, genetic information or any other factor which cannot lawfully be used as a basis for an employment decision. We require applications to be completed online.  If you wish to view NYU Langone Health's EEO policies, please click here. Please click here to view the Federal ""EEO is the law"" poster or visit https://www.dol.gov/ofccp/regs/compliance/posters/ofccpost.htm for more information.
NYU Langone Health provides a salary range to comply with the New York state Law on Salary Transparency in Job Advertisements. The salary range for the role is $62,400.00 - $88,192.00 Annually. Actual salaries depend on a variety of factors, including experience, specialty, education, and hospital need. The salary range or contractual rate listed does not include bonuses/incentive, differential pay or other forms of compensation or benefits.",-  Full-time
Marketing Data Analyst - ADP,Veeva Systems,"New York, NY, Hybrid work","$60,000 - $75,000 a year",https://www.indeed.com/applystart?jk=6bd2e1336c930a1f&from=vj&pos=bottom&mvj=0&spon=0&sjdu=YmZE5d5THV8u75cuc0H6Y26AwfY51UOGmh3Z9h4OvXjxamR0GLhwpwnqMprxodi38mWBJc1kjOmM-_XB7UkAx1_bOz8s7ei7kJVQPjUM9-iWB_3qRGTP4GH1ead6A9DZGDBZghT7WtmRvaEWm_cKD29cpscYGOvfb8D1sLNBoE2ozEexlH1Yly2UoMNOdPnHCITeI_Azw3KcSOf4X9Vh1Q&vjfrom=serp&asub=mob&astse=cfaf0ce935180968&assa=9013,"['Dental insurance', 'Health insurance', 'Life insurance', 'Paid holidays', 'Paid time off', 'Vision insurance']","Team: Recent College Graduates
City: New York City
State: NY







      Veeva Systems is a mission-driven organization and pioneer in industry cloud, helping life sciences companies bring therapies to patients faster. As one of the fastest-growing SaaS companies in history, we surpassed $2B in revenue in our last fiscal year with extensive growth potential ahead.
     


 At the heart of Veeva are our values: Do the Right Thing, Customer Success, Employee Success, and Speed. We're not just any public company – we made history in 2021 by becoming a public benefit corporation (PBC), legally bound to balancing the interests of customers, employees, society, and investors.
     


 Join us in transforming the life sciences industry, committed to making a positive impact on its customers, employees, and communities.
     


 The Role



 Veeva is dedicated to building the careers of new university graduates. Generation Veeva is a global organization that offers multiple development programs and career paths. Each path is designed to develop you professionally in a supportive environment. Workshops, mentors, career path planning, and on-the-job learning are all things you can look forward to as you grow your career at Veeva.
     


 Join us as an Marketing Data Analyst as part of our Analytics Development Program. This program is designed to build the next generation of Veeva and Crossix and support recent graduates in successfully launching their careers.
     


 The Marketing Data Analyst (MDA) role is part of the internal team that acts as the backbone to support the client-facing team by producing the analytics that go into the Veeva Crossix products. MDAs use sophisticated analytical techniques to tease out the connections between healthcare marketing tactics and patient health outcomes using proprietary, privacy-centric technology. You’ll learn the ins and outs of the rich healthcare marketing ecosystem while observing the direct effects of particular tactics on patient health.
     


 We know diversity is essential to a high-performing team. We are an equal opportunity employer and invite all qualified applicants regardless of race, color, religion, sex, gender identity, sexual orientation, marital status, ancestry, national origin, age, disability, genetic information, or veteran status.
     


 Qualified candidates must be legally authorized to be employed in the United States. Veeva does not provide sponsorship for employment visa status (e.g., H-1B, OPT, or TN status) for this employment position.
     


 This position requires you to work in the office 4 days/week for your first two years. After 2 years, you will have the flexibility to Work Anywhere.


 What You'll Do


Answer healthcare clients’ broad business questions using cutting-edge technology and analytics capabilities
Transform client questions into hypotheses testable with data using Crossix’s proprietary coding language
Link marketing exposure, consumer behavior, and transactional health data to understand changes in patient behavior due to healthcare clients’ tactics in the marketplace
Mobilize a variety of tools and platforms, including SQL, Excel, and business intelligence/data visualization suites
Use data to make patient behavior discoveries
Develop insights using advanced data analysis techniques, predictive modeling, and data visualization
Assess how effectively market tactics make patients healthier
Uncover major storylines and themes from analysis data and, working closely with senior team members, make actionable recommendations to healthcare clients for how to optimize their tactics
Collaborate and communicate effectively in the complex healthcare business space
Opportunity to work with major players in the healthcare marketing business, including healthcare providers, media agencies, and digital & broadcast media publishers
Practice storytelling skills by reviewing results of analytics through a critical lens
Build expertise in client therapeutic areas and marketing initiatives


 Requirements


Bachelor’s degree with a minimum 3.0 GPA (we are currently hiring for a July 2025 cohort, so we are looking for candidates graduating in December 2024/Spring 2025)
Don’t have a university degree? That’s OK if you have the equivalent skills gained through work experience or disciplined self-study
“Can-do” attitude and approach
Willing to learn new skills and use feedback for continual improvement
Entrepreneurial self-starter and team player; hungry for new opportunities
Strong written and verbal communication skills
Quantitative experience, demonstrated through coursework or professional experience
Experiencein using and manipulating data to make business decisions
Exposure to marketing and/or healthcare a plus
SQL and database experience helpful but not required
Located near New York City and able to work in the office 4 days/week


 Perks & Benefits


Medical, dental, vision, and basic life insurance
Flexible PTO and company paid holidays
Retirement programs
1% charitable giving program


 Compensation


 Base pay: $60,000 - $75,000
This role offers a comprehensive benefits package. The salary range for this position represents the potential base salary for this position. The actual salary will vary based on market and expected contributions.


      Veeva’s headquarters is located in the San Francisco Bay Area with offices in more than 15 countries around the world.
     


 Veeva is an equal opportunity employer. All qualified applicants will receive consideration for employment without regard to race, color, sex, sexual orientation, gender identity or expression, religion, national origin or ancestry, age, disability, marital status, pregnancy, protected veteran status, protected genetic information, political affiliation, or any other characteristics protected by local laws, regulations, or ordinances. If you need assistance or accommodation due to a disability or special need when applying for a role or in our recruitment process, please contact us at talent_accommodations@veeva.com.",-  Full-time
Lead Data Analyst,PSEG,"Melville, NY, Hybrid work","$88,400 - $140,000 a year",https://www.indeed.com/applystart?jk=1e5edfaac7798908&from=vj&pos=bottom&mvj=0&spon=0&sjdu=YmZE5d5THV8u75cuc0H6Y26AwfY51UOGmh3Z9h4OvXgcKXJLzuXXRg0VrD2fC0TU1zyM5yKqPLrLavXzHWOwfLwvxbgXQKz89C_-E5Ihsz3lSfka7sQAEAdd8lT1f7XJYKYNJ2XgjNCRiWVgbHpC-LjVTIH0vOHDax1pZLq5OFS7deMa4XkhB0Wz45BWo1urCITeI_Azw3KcSOf4X9Vh1Q&vjfrom=serp&asub=mob&astse=166279547df5156b&assa=2427,"['401(k) matching', 'Dental insurance', 'Health insurance', 'Life insurance', 'Paid time off', 'Tuition reimbursement', 'Vision insurance']","Requisition: 78946
PSEG Company: PSEG Long Island
 Salary Range: $ 88,400 - $ 140,000
 Incentive: PIP 10%
 Work Location Category: Hybrid

 PSEG operates under a Flexible Work Model where flexible work is offered when job requirements allow. In support of this model, roles have been categorized into one of four work location categories: onsite roles, hybrid roles that are a blend of onsite and remote work, remote local roles that are primarily home-based but require some level of purpose-driven in-person interaction and living within a commutable distance, and remote non-local roles that can be effectively performed remotely with the ability to work in approved states.
We want you to be healthy, balanced, and feel secure. That’s why you’ll enjoy a comprehensive range of benefits, with a focus on supporting your whole health. Starting on day one of your employment, you’ll be offered several health-related benefits including medical, vision, dental, and well-being and behavioral health programs. We also offer 401(k) with company match, company paid life insurance, tuition reimbursement and a minimum of 18 days of paid time off per year.
PSEG offers a unique experience to our more than 12,000 employees – we provide the resources and opportunities for career development that come with being a Fortune 500 company, as well as the attention, camaraderie and care for one another you might typically associate with a small business. Our focus on combatting climate change through clean energy technology, our new net zero climate vision for 2030 and enhanced commitment to diversity, equity and inclusion; and supporting the communities we serve make this a particularly exciting time to join PSEG.



Job Summary


Responsibilities may include planning, design, and develop efficient business, financial and operations systems in support of core organizational functions and business processes. To identify trends or areas for improvement, perform research and analysis, coordinating with different departments to gather leads and data, produce reports and presentations. Devise strategies for business optimization, spearhead the development of processes, identify strengths and weaknesses, and offer recommendations on areas in need of improvement. Work as the go between with management and the IT department to communicate complex technical issues for innovative solutions; the creation of daily, weekly, monthly reports for Back Office Billing department. Formulate various forecasts as they relate work totals, workflow and staffing. Conduct comprehensive data analysis using Microsoft Access and other analytical tools to identify trends, patterns, insights and develop reports as requested by management. This position is responsible to design, develop, and maintain Access Databases to store, retrieve, and drive business decisions.




 Job Responsibilities



Review/create reports, tables and databases to determine inconsistencies and/or irregularities.
Investigate and develop solutions to requests.
Generate regular and ad-hoc reports, dashboards, visualizations, and scorecard reports from existing systems that support informational needs of management and/or operating personnel.
Develop and/or enhance existing spreadsheets/databases.
Collect, summarize and analyze various reports and performance measures.
Prepare reports (daily, monthly, annually, and ad hoc).
Actively participate in problem solving initiatives to determine root cause, gap analysis, along with the development and implementation of process improvement recommendations.
Provide timely feedback to determine effectiveness of implemented solutions and take corrective action as required.
Investigate client/customer concerns, issues and problems to determine root causes.
Provide timely solutions through direct interaction or by facilitating user teams to develop and modify work process flows.
Solicit feedback from users to determine effectiveness of implemented solutions and take corrective action as required. Recommend solutions and develop action plans.
Reconcile data transfer between systems and ensure accuracy and integrity of data through regular audits and validation procedures.
Prepare, plan and monitor the budgets along with forecasts for the Back Office Billing business unit in order to ensure financial targets are met.
Participate in the variance analysis and query investigation
Partner, liaise and develop positive working relationships with primary client (LIPA), financial and operating areas and corporate department to obtain information required to meet responsibilities and respond to inquiries.
Proactively build and maintain internal and external networks in order to penetrate, absorb and apply technical/professional best practice to own area of responsibilities.
Implement new business processes and streamline and improve current business processes.
Drive Business Process implementation and improvement
Work closely with cross-functional teams to understand data needs and deliver actionable insights.
Assist on special projects as required.
Support the month-end, quarter-end and year-end closing processes. These can include creating and maintaining journal entries, conducting actual vs plan analysis, and creating ad hoc analysis.
Assist in analyzing results and identify areas of opportunities for efficiency and cost savings.
Provide training and support to team members on the use of Access databases and other data analytical tools.
Distribute work assignments to the union staff from multiple data streams.





 Job Specific Qualifications



BA/BS degree in preferably in Business, Finance, Economics, Computer Science or a related discipline and 7 years of Analyst experience; in lieu of a degree a minimum of 11 years of Analyst experience
Strong personal computer skills including proficiency with Excel and other database software, PowerPoint, and Tableau.
Must possess well developed interpersonal, leadership and time management skills.
Ability to motivate the workforce and foster a team environment.
Must possess excellent verbal and written communications skills
Must demonstrate strong analytical, sound decision making and problem solving skills.
Must demonstrate the ability to work collaboratively with others to resolve complex issues with innovative solutions.
Candidate must demonstrate strong planning, multi-tasking and organizational skills.
Ability to interact with internal and external providers/users to present financial information
Demonstrated presentation skills with comfort presenting to all levels of leadership.
Must be able to work both independently and as part of a team
Must be self-motivated, detailed-oriented and solution-focused

Preferred Skills, Competencies and Education:

Proficient in designing SQL queries, views, and stored procedures to extract data from multiple sources and perform relevant analysis.
Proficiency in data visualization tools
3+ years of experience in data analysis using Microsoft Access.
High level of technical skill in database management and data analysis.





 Minimum Years of Experience



     7 years of experience
    




 Education





 Certifications



     None Noted
    




 Disclaimer


Certain positions at the Company may require you to have access to Part 810-Controlled Information. Under the law, the Company is limited in who it can share this information with and in certain circumstances it is necessary to obtain specific authorization before the Company can share this information. Accordingly, if the position does require access to this information, you must complete a 10 CFR Part 810 Export Control Compliance Nationality Request Form, a copy of which will be provided to you by Talent Acquisition if an offer is made. If there is a need for specific authorization, due to the time it takes to obtain authorization from the government, we will likely not be able to further proceed with an offer.



PSEG is an equal opportunity employer, dedicated to a policy of non-discrimination in employment, including the hiring process, based on any legally protected characteristic. Legally protected characteristics include race, color, religion, national origin, sex, age, marital status, sexual orientation, disability or veteran status or any other characteristic protected by federal, state, or local law in locations where PSEG employs individuals.

 As an employee of PSEG you should be aware that during storm restoration efforts, you may be required to perform functions outside of your routine duties and on a schedule that may be different from normal operations.

 For all roles, PSEG’s drug and alcohol testing program includes pre-employment testing, testing for cause, and post-incident/accident testing. For employees in federally regulated roles (including positions covered by USDOT, PHMSA, or NRC regulations), this also includes random testing. Although numerous states throughout the country have legalized marijuana/cannabis products recreationally and/or medically, it is prohibited for employees in federally regulated roles. Employees who are hired or transfer into a federally regulated role are subject to drug and alcohol testing, inclusive of marijuana. Please note that the use of CBD products may result in a positive drug test for THC/Marijuana and such use is not a legitimate medical explanation for such a positive result.

 PSEG employees must apply for jobs internally through emPower which can be accessed through sharepoint.pseg.com by clicking on the emPower icon, then selecting careers. This site (PSEG Careers and Job Openings) is strictly for candidates who are not currently PSEG employees, with the exception of PSEG employees who do not have company email addresses.
PSEG is committed to providing reasonable accommodations to individuals with disabilities. If you have a disability and need assistance applying for a position, please call 973-430-3845 or email accommodations@pseg.com.
If you need to request a reasonable accommodation to perform the essential functions of the job, email accommodations@pseg.com. Any information provided regarding a disability will be kept strictly confidential and will not be shared with anyone involved in making a hiring decision.
 ADDITIONAL EEO/AA INFORMATION (Click link below)
Know your Rights: Workplace Discrimination is Illegal
Pay Transparency Nondiscrimination Provision",NULL
Data Analyst,Columbia University,"New York, NY, ","$70,000 - $80,000 a year",https://www.indeed.com/applystart?jk=9879f51fbb25bca5&from=vj&pos=bottom&mvj=0&spon=0&sjdu=YmZE5d5THV8u75cuc0H6Y26AwfY51UOGmh3Z9h4OvXjEHv140BVIiTTkghdN0VCI6QTyifgwnyqFFN3NOnhFDnMzwnbzunnKWLEsSSntN5UEUdnnoiPrXJmI8bfeaiCKtZ4oC6Sq-XjMll4VFvao2mIJg2DN0h2SgbOKOoDcXvTE0d2itm6mv-uQE7wps1XGCITeI_Azw3KcSOf4X9Vh1Q&vjfrom=serp&asub=mob&astse=11484a89501b3521&assa=5712,No benefits found.,"Job Type: Officer of Administration
Bargaining Unit:
Regular/Temporary: Regular
End Date if Temporary:
Hours Per Week: 35
Standard Work Schedule:
Building:
Salary Range: $70,000-$80,000


The salary of the finalist selected for this role will be set based on a variety of factors, including but not limited to departmental budgets, qualifications, experience, education, licenses, specialty, and training. The above hiring range represents the University's good faith and reasonable estimate of the range of possible compensation at the time of posting.



Position Summary
Seeking a data analyst to fulfill the statistical consulting operations/initiatives of the Department of Biostatistics and the Mailman School of Public Health.

Responsibilities

Conduct statistical consultation with clinicians and researchers at Columbia University regarding study design, data analysis, and power analysis. Perform , protocol writing, statistical programming and data analysis for assigned projects; assist in the preparation of grants for submission and manuscripts for publication purposes. Develop and implement statistical methods as needed. 90%
Other duties as assigned. 10%


Minimum Qualifications

Bachelor's degree and at least 3 years of data analytic and statistical analysis experience. Advanced education/degree may substitute for experience.


Preferred Qualifications

Prefer a master's degree in statistics or biostatistics.


Other Requirements

Proven ability in SAS, R, ans STATA.Good written and oral communication skills.


Equal Opportunity Employer / Disability / Veteran
Columbia University is committed to the hiring of qualified local residents.",-  Full-time
E-COMMERCE AND CRM DATA ANALYST,Cella,"1480 Jesup Avenue, New York, NY 10452, ",$46 - $51 an hour,https://www.indeed.com/applystart?jk=7c726350e70e6273&from=vj&pos=bottom&mvj=0&spon=0&sjdu=YmZE5d5THV8u75cuc0H6Y26AwfY51UOGmh3Z9h4OvXjcUlY2-soMd3fnQIjtHbKWa5d10j-8jVIWw9t5S8t2rKaYkFrbUKax5YsxkSBVvmRmkz0-RqkmbEQaMOzxsEbcYraCKd5gQ95o_VAlWCGsGrI3cPMarrTsjq_7iy_6Zwsvtys4621LfLBzHWUryjAjCITeI_Azw3KcSOf4X9Vh1Q&vjfrom=serp&asub=mob&astse=a3110b07f4bb080d&assa=9107,"['401(k)', '401(k) matching', 'Health insurance']","Location: New York, New York Job Type: Contract Compensation Range: $46 - 51 per hour  Our client who is a leading beauty brand is seeking a highly skilled E-Commerce and CRM Data Analyst to join their team and support data-driven strategies for a leading beauty brand. This role focuses on leveraging global data sources to build, maintain, and interpret e-commerce and CRM dashboards while providing actionable insights to drive business performance.  If you have a passion for analyzing complex data sets, delivering clear insights, and enabling strategic decision-making in a fast-paced environment, this position is for you!  Responsibilities: E-Commerce Analytics

Build, maintain, and enhance global e-commerce KPI dashboards and monthly/quarterly sales reporting.
Analyze customer journeys, conversion funnels, and multi-channel strategies to identify gaps and opportunities.
Aggregate data from Google Analytics properties to provide recurring insights on site and digital marketing performance.
Collaborate with stakeholders to optimize site performance, digital features, and marketing campaigns globally.

CRM & Loyalty Analytics

Develop and maintain CRM and loyalty dashboards, consolidating data from multiple platforms (e.g., Tableau, Power BI, csv files).
Conduct quarterly CRM reporting, identifying gaps to improve customer insights and engagement strategies.
Lead KPI analyses of global CRM and loyalty activations, including customer behavior, email performance, loyalty programs, and more.
Support structural and financial modeling for loyalty programs through data aggregation and analysis.

Transversal Collaboration

Deliver monthly e-commerce and CRM dashboards and presentations with insights for leadership teams.
Work cross-functionally to fulfill ad-hoc analysis requests and contribute to strategic business cases.
Monitor online consumer behavior, industry trends, and competitive insights to inform decision-making.
Collaborate with IT and stakeholders to streamline data processes and reporting.

Qualifications:

E-Commerce and CRM Expertise: strong understanding of e-commerce KPIs, CRM metrics, user journeys, and digital marketing analytics.
Technical Skills: Proficiency in:

Google Analytics 4.
SQL and Python (BigQuery and Databricks experience preferred).
Dashboard Tools: Looker Studios, Tableau, or Power BI.
Advanced Excel.

Analytical Skills: Ability to aggregate and manipulate large data sets, deliver actionable insights, and build effective reporting dashboards.
Communication: Exceptional ability to interpret and present data findings to non-technical stakeholders, including senior leadership.
Experience: Background in web analytics, CRM analysis, email/SMS marketing performance, and loyalty programs.

 JOBID: 1073871 #LI-CELLA #LI-CN1  Equal Opportunity Employer: Race, Color, Religion, Sex, Sexual Orientation, Gender Identity, National Origin, Age, Genetic Information, Disability, Protected Veteran Status, or any other legally protected group status.  At Cella, a randstad digital company, we welcome people of all abilities and want to ensure that our hiring and interview process meets the needs of all applicants. If you require a reasonable accommodation to make your application or interview experience a great one, please contact HRsupport@randstadusa.com.  Pay offered to a successful candidate will be based on several factors including the candidate's education, work experience, work location, specific job duties, certifications, etc. In addition, Cella by randstad digital offers a comprehensive benefits package, including health, an incentive and recognition program, and 401K contribution (all benefits are based on eligibility).   This posting is open for thirty (30) days.",-  Contract
Portfolio Insights - Data Analyst,Amex,"New York, NY, Hybrid work","$110,000 - $190,000 a year",https://www.indeed.com/applystart?jk=f8fc14600702b30f&from=vj&pos=bottom&mvj=0&spon=0&sjdu=YmZE5d5THV8u75cuc0H6Y26AwfY51UOGmh3Z9h4OvXjyxeAO9pirUXKOEXFB5Ao3DeUpq_1yP4Cv2bDFJxHr9eG8h2tYrRhecmyL4wT40UzbGr1NxtbRnju2uyFcBl3cj8Nt3WHTCtNsGpNqtOqAFZebNsyEMIgYwP8HFOU8JfcE55EClgPtsH4jsc9ok9ZGCITeI_Azw3KcSOf4X9Vh1Q&vjfrom=serp&asub=mob&astse=2a6dd8872c23fd90&assa=2301,"['Dental insurance', 'Health insurance', 'Life insurance', 'Paid parental leave', 'Parental leave', 'Retirement plan', 'Vision insurance']","You Lead the Way. We’ve Got Your Back.
With the right backing, people and businesses have the power to progress in incredible ways. When you join Team Amex, you become part of a global and diverse community of colleagues with an unwavering commitment to back our customers, communities and each other. Here, you’ll learn and grow as we help you create a career journey that’s unique and meaningful to you with benefits, programs, and flexibility that support you personally and professionally.
At American Express, you’ll be recognized for your contributions, leadership, and impact—every colleague has the opportunity to share in the company’s success. Together, we’ll win as a team, striving to uphold our company values and powerful backing promise to provide the world’s best customer experience every day. And we’ll do it with the utmost integrity, and in an environment where everyone is seen, heard and feels like they belong.
Join Team Amex and let's lead the way together.
As part of our diverse tech team, you can architect, code and ship software that makes us an essential part of our customers’ digital lives. Here, you can work alongside talented engineers in an open, supportive, inclusive environment where your voice is valued, and you make your own decisions on what tech to use to solve challenging problems. American Express offers a range of opportunities to work with the latest technologies and encourages you to back the broader engineering community through open source. And because we understand the importance of keeping your skills fresh and relevant, we give you dedicated time to invest in your professional development. Find your place in technology on #TeamAmex.





Focus



You are key member of the product team that will collaborate with business leaders and partners to support and help craft the Enterprise Data Insights, Visualize the Story of underlying Data leveraging the expertise on Portfolio Metrics, Agility Metrics, Productivity Metrics, , OKRs, Capacity & Demand metrics, drive the sequencing of Product Roadmap, prioritize the Engineering team’s sprint backlog, participate actively in all phases of the iteration process, and cross-functional collaboration.





Mastery in reporting/analytical applications (Python, Power BI, Data Modelling, and strong Excel Skills)



With hands-on Python skills, understands and applies new Artificial Intelligence, Machine Learning, BI and Visualization trends, and market standard methodologies








Organizational Context



Reports to Portfolio/Product Director within Technology Portfolio Transformation Organization of Technology Business Enablement (TBE) Unit.






Key

Responsibilities




Works with customers, key partners, and colleagues to define / Visualize the Insights of underlying Data leveraging the expertise on Portfolio Metrics, Agility Metrics, Productivity Metrics, Objectives Key Results, Capacity & Demand metrics



Convert Data into Insights with demonstrated Data Analytical Skills and Data Modelling Skills



Manage the sequencing and prioritization of Insights product roadmap and seek alignment across dependent Teams



Drives Program Increment (PI) Objectives and Product releases via Prioritized Features and Enablers



Owns and Manages Platform Features Backlog and owns Feature and Capability Acceptance Criteria



Provides Program/Product Vision to the Agile Train and Prioritizes Program backlog (Features)



Focuses on Business Outcome over Outputs



Understands and applies new Artificial Intelligence, Machine Learning, BI and Visualization trends, and market standard methodologies



Communicates and build consensus across disciplines in crafting the product roadmap



Leads the work to define and articulate a long-term product strategy and roadmap with clearly defined business metrics and targets



Support development of appropriate tracking and reporting to track product performance post launch to evaluate future investment



Produce return on investment analyses and optimization recommendations



Identify risks, challenges, opportunities, and business integration needs



Enable cross-functional collaboration with relevant teams within the product scope



Translates product roadmap into well-defined product requirements/user stories and acceptance test criteria



Prioritizes and maintains the sprint backlog consistent with Outcomes and Product


Roadmap and performs story elaboration with the implementation team


Partners the design and technology teams to develop, test and deliver the defined capabilities and rapidly iterate new solutions



Works closely with analytics and uses internal data tools to understand measure success and impact to critical metrics



Reviews and accepts completed user stories



Reviews/demonstrates sprint-related or general functionality with external partners and customers, including the Director of Product Management and other colleagues



Coordinates communications and facilitates resolution of risks, issues, and changes tied to the product backlog






Scope of Impact/Influence




Responsible for small product in whole or a large-scale functionality



Main interface between the Business and Technology organizations for product development



Both product and technology focused and may be responsible for a Product in whole or large-scale functionality within a product



Responsible for driving product outcomes






Education &

Experience




4+ years of experience in Product Management with proven track record in defining winning product constructs and delivering a product vision and strategy



Experience with rapid and iterative software development methodologies



Proven track record managing large, complex features or products with multiple partners



Bachelor’s Degree in related field required; advanced degree preferred






Knowledge/Skills




Mastery in reporting/analytical applications (Python, Power BI, AI/ML, Data Modelling and strong Excel Skills)



Knowledge of Agile Management, Portfolio Management, or Workforce Management domain data sets is preferred.







Technology Core Competencies




Data Science and Analytics



Agile Practices



Industry and Company Knowledge














Technical Acumen



Technology Industry Trends 






Game Changers




Product-Mindset



Curiosity



Collaboration & Teamwork



Adaptability



Continuous Improvement








Role Core Competencies



Technical


Python, Power BI, Machine Learning, Artificial Intelligence - Emerging Technologies


Functional


Business Analysis



User Experience Evaluation and Analysis


Leadership


Analytical Thinking



Consultancy



Decision-Making



Influence and Negotiation


Business


Business Case Development



Business Product Knowledge



Problem Solving






Salary Range: $110,000.00 to $190,000.00 annually + bonus + benefits
The above represents the expected salary range for this job requisition. Ultimately, in determining your pay, we’ll consider your location, experience, and other job-related factors.
We back our colleagues and their loved ones with benefits and programs that support their holistic well-being. That means we prioritize their physical, financial, and mental health through each stage of life. Benefits include:

Competitive base salaries
Bonus incentives
6% Company Match on retirement savings plan
Free financial coaching and financial well-being support
Comprehensive medical, dental, vision, life insurance, and disability benefits
Flexible working model with hybrid, onsite or virtual arrangements depending on role and business need
20+ weeks paid parental leave for all parents, regardless of gender, offered for pregnancy, adoption or surrogacy
Free access to global on-site wellness centers staffed with nurses and doctors (depending on location)
Free and confidential counseling support through our Healthy Minds program
Career development and training opportunities

For a full list of Team Amex benefits, visit our Colleague Benefits Site.
American Express is an equal opportunity employer and makes employment decisions without regard to race, color, religion, sex, sexual orientation, gender identity, national origin, veteran status, disability status, age, or any other status protected by law.
We back our colleagues with the support they need to thrive, professionally and personally. That's why we have Amex Flex, our enterprise working model that provides greater flexibility to colleagues while ensuring we preserve the important aspects of our unique in-person culture. Depending on role and business needs, colleagues will either work onsite, in a hybrid model (combination of in-office and virtual days) or fully virtually.
US Job Seekers/Employees - Click here to view the “Know Your Rights” poster and the Pay Transparency Policy Statement.
If the links do not work, please copy and paste the following URLs in a new browser window: https://www.dol.gov/agencies/ofccp/posters to access the three posters.
Employment eligibility to work with American Express in the U.S. is required as the company will not pursue visa sponsorship for these positions.",NULL
Data Fulfillment Analyst,the NBA,"New York, NY 10022, ","$100,000 - $115,000 a year",https://www.indeed.com/applystart?jk=ad0c44ca6dc29c69&from=vj&pos=bottom&mvj=0&spon=0&sjdu=YmZE5d5THV8u75cuc0H6Y26AwfY51UOGmh3Z9h4OvXilN3c5mhNDAGorepVCx70INKH51-mPBt20ns6djTc0bRlAYN76mcaIyl4WhlxK5yf050zPtLOIX7os8KZoMo86fLAdMeCeb7PIrvpsm0toOHwWEnXBh0n-a9dGvE7w9_FAMP4lXQPCSpWEPVYGTUtSCITeI_Azw3KcSOf4X9Vh1Q&vjfrom=serp&asub=mob&astse=e12d0e981990ec11&assa=6088,No benefits found.,"WORK OPTION: 4 days a week in the New York, NY office

 The National Basketball Association (NBA) is a global sports and media organization with the mission to inspire and connect people everywhere through the power of basketball. Built around five professional sports leagues: the NBA, WNBA, NBA G League, NBA 2K League and Basketball Africa League, the NBA has established a major international presence with games and programming available in 214 countries and territories in 60 languages, and merchandise for sale in more than 200 countries and territories on all seven continents. NBA rosters at the start of the 2023-24 season featured a record 125 international players from 40 countries and territories. NBA Digital’s assets include NBA TV, NBA.com, the NBA App and NBA League Pass. The NBA has created one of the largest social media communities in the world, with more than 2.3 billion likes and followers globally across all leagues, team and player platforms. NBA Cares, the NBA’s global social responsibility platform, partners with renowned community-based organizations around the world to address important social issues in the areas of education, inclusion, youth and family development, and health and wellness.
 At the NBA, we're passionate about growing and celebrating the game of basketball. Through the intensity of the game and the amazing athletic skill of our players, we deliver excitement to hundreds of millions of fans around the world. As a global sports and media business, the NBA is so much more. While Basketball Operations runs the league's on-court activities, other departments manage relationships with television and digital media partners, develop marketing partnerships with some of the world's most recognizable companies, oversee the licensing of NBA merchandise, and handle a wide range of responsibilities that drive the NBA's success.

 Essential Functions and Job Summary The Data Fulfillment Analyst will be responsible for helping to facilitate the use of the NBA’s vast fan data, data strategy, and digital marketing and technology capabilities to enable our partners to use these assets to grow their business. The set of partners will vary greatly and will include those from the retail, strategic, content and marketing partnership spaces creating an opportunity to work with a diverse mix of brands and business. The ideal candidate is customer and project focused and enjoys the challenges of working across functions with team members from Data Strategy, Global Partnerships & Media, Direct-To-Consumer, Legal and Data Engineering. You will draw on your experience across digital marketing, data analysis and AdTech/MarTech to solve complex problems that drive value to both the NBA and its partners.


 Major Responsibilities

Apply subject matter expertise to develop and deliver digital marketing strategies and programs that accelerate customer acquisition, retention and brand awareness for partner data collaboration projects
Consult with the Global Partnerships & Media team and with peers on the Technology & Platform Strategy team on the right mix of tactics to deliver the partners’ objectives (pre-sales)
Lead the execution of tactics defined by the Global Partnership & Media team for each partner (post-sales)
Lead the implementation of data cleanroom solutions including setup and configuration
Provide support and guidance to internal and external stakeholders on data requirements and optimal implementation
Collaborate with partners on data overlap analysis, segmentation and audience development
Ensure marketable audiences are successfully onboarded to ad platforms (e.g., Meta, Google, etc.) for ad targeting
Make optimization recommendations based on partner objectives and performance
Manage project from start to finish to ensure that all facets of the partner agreement have been successfully followed
Responsible for keeping a pulse on trends in marketing/ad technology and marketing operations



 Required Education/Professional Experience

2+ years of experience working in AdTech, product operations, product management, or a technical marketing operations capacity
Bachelor’s degree required




 Required Skills/Knowledge Attributes

Experience with CRM platform technology and data structures
Demonstrated SQL skills required
Proficiency with evaluating data in Microsoft Excel required with abilities to leverage statistical programming software (e.g., R) to manipulated larger data sets [preferred / a plus]
Knowledge of clean room technology and data onboarding tools
Understanding of how to use common tools to conduct measurement of marketing performance and how to communicate results to stakeholders with varying levels of expertise in data
Expert at problem-solving and critical thinking
Ability to successfully navigate cross-functional teams and prioritize across competing needs
Strong written and verbal communication skills



 Salary Range: $100,000 - $115,000
 Job Posting Title: Manager
The NBA does not accept unsolicited resumes from search firms or any other third parties. Any unsolicited resume sent to the NBA will be considered NBA property, and the NBA will not pay a fee should it hire the subject of any unsolicited resume.
The NBA considers applicants for all positions on the basis of merit, qualifications, and business needs, and without regard to race, color, national origin, religion, sex, age, disability, sexual orientation, gender identity, alienage or citizenship status, ancestry, marital status, genetic predisposition or carrier status, veteran status, familial status, status as a victim of domestic violence, or any other status or characteristic protected by applicable federal, state, or local law.

 About the NBA The National Basketball Association (NBA) is a global sports and media organization with the mission to inspire and connect people everywhere through the power of basketball. Built around five professional sports leagues: the NBA, WNBA, NBA G League, NBA 2K League and Basketball Africa League, the NBA has established a major international presence with games and programming available in 215 countries and territories in more than 50 languages, and merchandise for sale in more than 200 countries and territories on all seven continents. NBA rosters at the start of the 2021-22 season featured a record 121 international players from 40 countries. NBA Digital’s assets include NBA TV, NBA.com, the NBA App and NBA League Pass. The NBA has created one of the largest social media communities in the world, with 2.1 billion likes and followers globally across all league, team, and player platforms. Through NBA Cares, the league addresses important social issues by working with internationally recognized youth-serving organizations that support education, youth and family development, and health-related causes.",NULL
Assistant Data Property Analyst,Research Foundation of The City University of New York,"1 Centre Street, New York, NY 10007, Hybrid work","$60,000 - $70,000 a year",https://www.indeed.com/applystart?jk=b98864250da8a9f5&from=vj&pos=bottom&mvj=0&spon=0&sjdu=YmZE5d5THV8u75cuc0H6Y26AwfY51UOGmh3Z9h4OvXgaBxD1HtD4S_7SGqmBoA2WUC1NImftwcBqDqPmitAE5ArecC6SYDkOmh4kaeA2e0hpFchaZiUTgpfQn0kkCSwH8y5cEPmJQOpKXzA3-vd0IBtjTAxPixzbx-XhFbsXb8XXMcJAs_iJ8MvZxREafLjXCITeI_Azw3KcSOf4X9Vh1Q&vjfrom=serp&asub=mob&astse=4bf3f7ea01ba3f16&assa=9790,No benefits found.,"General Description

Through its partnership with the City of New York, CUNY’s Building Performance Laboratory is hiring qualified energy management professionals to serve as on-site consultants and fill critical staffing capacity needs at the Department of Citywide Administrative Services’ Division of Energy Management (“DEM”). For background, DEM serves as the hub for energy management for City government operations. DEM develops the City’s annual utility energy budget; manages the City’s electricity, natural gas, and steam accounts; helps agency partners identify and pursue energy-saving opportunities; oversees energy efficiency and clean power generation projects across the City’s portfolio; and implements operations and maintenance best practices. Specifically, DEM is tasked with leading the City’s efforts to reduce emissions from City government operations 40 percent by 2025, 50 percent by 2030, and 80 percent by 2050 from baseline.
CUNY BPL seeks to hire an Assistant Property Data Analyst to support the property data collection from City agencies and other sources while maintaining the property data in Salesforce environments. This role also supports the compliance process required by Local Law 84 of 2009.
This is a hybrid position working on-site 3 days a week at 1 Centre St, New York, NY 10007. NYC residency may be required for continued employment. Immigration sponsorship is not available through this program.



Other Duties

Under this assignment, the person’s responsibilities may include the following:

Support the annual Local Law 84 building energy benchmarking process for City buildings.
Collect and clean property data to ensure accuracy and integrity.
Identify and resolve data discrepancies proactively.
Collaborate with cross-functional teams to understand data needs and respond to internal and external stakeholders.
Analyze problems, propose potential solutions, and implement the most effective solution.
Structure large property data sets to extract usable information.
Work with agency and external teams to support property data analysis, reporting, and measurement for all agency-led initiatives.
Prepare property-related data and input into Salesforce, in response to agency communications via emails or extracted from external sources.
Work on formalizing various property maintenance policies.
Collect and analyze datasets to generate actionable insights.
Demonstrate the ability to work effectively both independently and as part of a team.
Collaborate with various departments using strong interpersonal skills.
Other duties as assigned.





Qualifications

The ideal candidate will bring the following skills and experience to this position:

A bachelor’s degree is required.
A minimum of 1-year data management experience is preferred.
Strong, verifiable experience in data analysis, data visualization, and reporting.
Flexibility to handle multiple responsibilities and deadlines simultaneously.
Self-motivated and able to work independently as well as part of a team.
Strong, verifiable understanding of data management best practices.
Strong analytical skills with the ability to collect, organize, analyze, and disseminate significant amounts of information with attention to detail and accuracy.
Thoughtful and curious with a data-driven approach to solving business problems.
Commitment to delivering measurable results and a proven ability to manage projects to successful completion.
Advanced knowledge of Microsoft 365 stack including MS Excel and MS PowerPoint.
Familiarity with issues pertaining to energy efficiency in existing buildings.




RFCUNY Benefits RFCUNY Employee Benefits and Accruals



About the Research Foundation

The Research Foundation of The City University of New York (RFCUNY) was established as a not-for-profit educational corporation chartered by the State of New York in 1963. RFCUNY supports CUNY faculty and staff in identifying and obtaining external support (pre-award) from government and private sponsors and is responsible for the administration of all such funded programs (post-award).
RFCUNY stands between CUNY’s principal investigators (PIs) and the sponsors who support them and strives to fulfill its essential responsibilities to both groups. Working closely with individual PIs and Grants Officers on the campuses, RFCUNY oversees employment, accounting, audit, reporting, purchasing, and special responsibilities that include management of a planned giving program; liaison with governmental agencies and foundations; negotiation of agreements; facility construction and renovation; protection and commercialization of intellectual property; and compliance with applicable standards in research involving human subjects, animal care, environmental and radiological safety, and conflicts of interest.




Equal Employment Opportunity Statement

   The Research Foundation of the City University of New York is an Equal Opportunity/Affirmative Action/Americans with Disabilities Act/E-Verify Employer. It is the policy of the Research Foundation of CUNY to provide equal employment opportunities free of discrimination based on race, color, age, religion, sex, pregnancy, childbirth, national origin, disability, marital status, veteran status, sexual orientation, gender identity, genetic information, marital status, domestic violence victim status, arrest record, criminal conviction history, or any other protected characteristic under applicable law.",-  Full-time
Medical Data Analyst – Central Billing Office - Medical Coder (Remote),NewYork-Presbyterian Hospital,"Manhattan, NY 10065, Remote",$39.88 - $49.45 an hour,https://www.indeed.com/applystart?jk=76e62330ad319cfb&from=vj&pos=bottom&mvj=0&spon=0&sjdu=YmZE5d5THV8u75cuc0H6Y26AwfY51UOGmh3Z9h4OvXhjoe8jL5J9wpFVKBe-c2j9LCEInSKEupadRjJE9a_zIYQtzQOk3rA4tFhu63dBa6GY-j6o1K4d7vTXeIpl92XBNQSawJKMPlccIIWSzf6PrVNUGCtDEazZbdZgnHvck94cI_vbTYHmgalMmZqalsoKCITeI_Azw3KcSOf4X9Vh1Q&vjfrom=serp&asub=mob&astse=af1845b1481747a2&assa=3384,No benefits found.,"Medical Data Analyst – Central Billing Office - Medical Coder (Remote)

 Join the patient-inspired team at New York-Presbyterian and bring new meaning to your career. See how the revenue cycle team in our Central Billing Office plays an active role in world-class care and caring. Thrive as a valued member of the team and feel the pride of mission-driven achievement. Here, putting patients first is our mission, which means we stay committed to excellence in all aspects of our organization, including maintaining the accuracy and integrity of our medical records. And as we look to the promising future ahead, we seek talented professionals like you to help drive our financial growth while building on our reputation for excellence as one of the nation’s top-ranked hospitals.

Utilize your outstanding analytical skills and keen attention to detail to take on this important high performance role, responsible for performing varied and complex diagnostic and procedural coding for patient records. In this role, you will support the Central Billing Office with various crucial functions like ensuring the complete, accurate, and timely coding and APC assignment alongside a required daily productivity. This position plays a key role in the efficient and effective financial operations of the Medical Group and helps make a life-changing difference.

 Preferred Criteria

College degree
CPC
EPIC
Understanding denials process
Microsoft office
Excel (basic)
Encoder


 Required Criteria

3-5 years demonstrated coding experience
Demonstrated knowledge of CPT, ICD-10CM, and HCPCS coding
Proficient computer skills, including experience with clinical information systems for accessing health information in an electronic environment
Professional interpersonal and communication skills throughout the Organization
Reviewing and extracting appropriate CPT, ICD-10CM, and/or HCPCS based off of documentation
Ability to work in a Team environment and independently

Join a healthcare system where employee engagement is at an all-time high. Here we foster a culture of respect, diversity, and inclusion. Enjoy comprehensive and competitive benefits that support you and your family in every aspect of life. Start your life-changing journey today.

Please note that all roles require on-site presence (variable by role). Therefore, all employees should live within a commutable distance to NYP.
NYP will not reimburse for travel expenses.
__________________

2024 “Great Place To Work Certified”
2024 “America’s Best Large Employers” – Forbes
2024 “Best Places to Work in IT” – Computerworld
2023 “Best Employers for Women” – Forbes
2023 “Workplace Well-being Platinum Winner” – Aetna
2023 “America’s Best-In-State Employers” – Forbes
“Silver HCM Excellence Award for Learning & Development” – Brandon Hall Group


 NewYork-Presbyterian Hospital is an equal opportunity employer.

 Salary Range:
 $39.88-$49.45/Hourly
 
 It all begins with you. Our amazing compensation packages start with competitive base pay and include recognition for your experience, education, and licensure. Then we add our amazing benefits, countless opportunities for personal and professional growth and a dynamic environment that embraces every person. Join our team and discover where amazing works.",-  Full-time
